<manifest><control namespace="CustomControl" constructor="PowerDragDrop" version="1.1.0" display-name-key="PowerDragDrop" description-key="PowerDragDrop_Desc" control-type="standard" api-version="1.3.5"><external-service-usage enabled="false" /><property name="DropZoneID" description-key="DropZoneID_Desc" display-name-key="DropZoneID" required="true" usage="input" of-type="SingleLine.Text" /><property name="OtherDropZoneIDs" description-key="OtherDropZoneIDs_Desc" display-name-key="OtherDropZoneIDs" required="true" usage="input" of-type="SingleLine.Text" /><property name="IsMasterZone" description-key="IsMasterZone_Desc" display-name-key="IsMasterZone" required="true" usage="input" of-type="TwoOptions" /><property name="MaximumItems" description-key="MaximumItems_Desc" display-name-key="MaximumItems" required="false" usage="input" of-type="SingleLine.Text" /><property name="InputEvent" description-key="InputEvent_Desc" display-name-key="InputEvent" required="false" usage="input" of-type="SingleLine.Text" /><property name="BackgroundColor" description-key="BackgroundColor_Desc" display-name-key="BackgroundColor" required="false" usage="input" of-type="SingleLine.Text" default-value="transparent" /><property name="BorderColor" description-key="BorderColor_Desc" display-name-key="BorderColor" required="false" usage="input" of-type="SingleLine.Text" default-value="rgba(255, 255, 255, 0.4)" /><property name="BorderWidth" description-key="BorderWidth_Desc" display-name-key="BorderWidth" required="false" usage="input" of-type="Decimal" default-value="1" /><property name="BorderRadius" description-key="BorderRadius_Desc" display-name-key="BorderRadius" required="false" usage="input" of-type="Decimal" default-value="0" /><property name="ItemBackgroundColor" description-key="ItemBackgroundColor_Desc" display-name-key="ItemBackgroundColor" required="false" usage="input" of-type="SingleLine.Text" default-value="rgba(255, 255, 255, 1)" /><property name="ItemFont" description-key="ItemFont_Desc" display-name-key="ItemFont" required="false" usage="bound" of-type="SingleLine.Text" default-value="'Segoe UI'" /><property name="ItemFontSize" description-key="ItemFontSize_Desc" display-name-key="ItemFontSize" required="false" usage="bound" of-type="Decimal" default-value="12" /><property name="ItemFontColor" description-key="ItemFontColor_Desc" display-name-key="ItemFontColor" required="false" usage="bound" of-type="SingleLine.Text" default-value="rgba(33, 37, 41, 1)" /><property name="ItemBorderRadius" description-key="ItemBorderRadius_Desc" display-name-key="ItemBorderRadius" required="false" usage="bound" of-type="Decimal" default-value="4" /><property name="ItemBorderWidth" description-key="ItemBorderWidth_Desc" display-name-key="ItemBorderWidth" required="false" usage="bound" of-type="Decimal" default-value="1" /><property name="ItemBorderColor" description-key="ItemBorderColor_Desc" display-name-key="ItemBorderColor" of-type="SingleLine.Text" usage="bound" required="false" default-value="rgba(0,0,0,.125)" /><property name="ItemGap" description-key="ItemGap_Desc" display-name-key="ItemGap" required="false" usage="bound" of-type="Whole.None" default-value="4" /><property name="ItemTemplate" description-key="ItemTemplate_Desc" display-name-key="ItemTemplate" required="false" usage="bound" of-type="Multiple" /><property name="PaddingLeft" description-key="PaddingLeft_Desc" display-name-key="PaddingLeft" of-type="Whole.None" usage="bound" default-value="0" /><property name="PaddingRight" description-key="PaddingRight_Desc" display-name-key="PaddingRight" of-type="Whole.None" usage="bound" default-value="0" /><property name="PaddingTop" description-key="PaddingTop_Desc" display-name-key="PaddingTop" of-type="Whole.None" usage="bound" default-value="0" /><property name="PaddingBottom" description-key="PaddingBottom_Desc" display-name-key="PaddingBottom" of-type="Whole.None" usage="bound" default-value="0" /><property name="RotateOnDrag" description-key="RotateOnDrag_Desc" display-name-key="RotateOnDrag" of-type="Enum" usage="bound" required="false" default-value="0"><value name="None" display-name-key="None">0</value><value name="ClockwiseSmall" display-name-key="ClockwiseSmall">1</value><value name="ClockwiseLarge" display-name-key="ClockwiseLarge">2</value><value name="AnitclockwiseSmall" display-name-key="AnitclockwiseSmall">3</value><value name="AnitcockwiseLarge" display-name-key="AnitclockwiseLarge">4</value></property><property name="PreserveSort" description-key="PreserveSort_Desc" display-name-key="PreserveSort" required="true" usage="bound" of-type="TwoOptions" /><property name="Direction" description-key="Direction_Desc" display-name-key="Direction" required="false" usage="bound" of-type="Enum" default-value="0"><value name="Auto" display-name-key="Auto">0</value><value name="Vertical" display-name-key="Vertical">1</value><value name="Horizontal" display-name-key="Horizontal">2</value></property><property name="Wrap" description-key="Wrap_Desc" display-name-key="Wrap" required="false" usage="bound" of-type="TwoOptions" default-value="false" /><property name="Scroll" description-key="Scroll_Desc" display-name-key="Scroll" required="true" usage="bound" of-type="TwoOptions" default-value="true" /><property name="AccessibleLabel" description-key="AccessibleLabel_Desc" display-name-key="AccessibleLabel" usage="bound" of-type="SingleLine.Text" /><property name="AllowFocus" description-key="AllowFocus_Desc" display-name-key="AllowFocus" usage="bound" of-type="TwoOptions" /><property name="DelaySelect" description-key="DelaySelect_Desc" display-name-key="DelaySelect" of-type="Enum" usage="bound" required="false" default-value="0"><value name="No" display-name-key="No">0</value><value name="Yes" display-name-key="Yes">1</value><value name="TouchOnly" display-name-key="TouchOnly">2</value></property><property name="SortDirection" description-key="SortDirection_Desc" display-name-key="SortDirection" of-type="Enum" usage="bound" required="false" default-value="0"><value name="Ascending" display-name-key="Ascending">0</value><value name="Descending" display-name-key="Descending">1</value></property><property name="SortPositionType" description-key="SortPositionType_Desc" display-name-key="SortPositionType" of-type="Enum" usage="bound" required="false" default-value="0"><value name="Index" display-name-key="Index">0</value><value name="Custom" display-name-key="Custom">1</value></property><property name="CustomSortIncrement" description-key="CustomSortIncrement_Desc" display-name-key="CustomSortIncrement" of-type="Whole.None" usage="bound" default-value="1000" /><property name="CustomSortMinIncrement" description-key="CustomSortMinIncrement" display-name-key="CustomSortMinIncrement" of-type="Whole.None" usage="bound" default-value="10" /><property name="CustomSortDecimalPlaces" description-key="CustomSortDecimalPlaces_Desc" display-name-key="CustomSortDecimalPlaces" of-type="Whole.None" usage="bound" default-value="4" /><property name="CustomSortAllowNegative" description-key="CustomSortAllowNegative_Desc" display-name-key="CustomSortAllowNegative" required="false" usage="bound" of-type="TwoOptions" default-value="true" /><property name="Trace" description-key="Trace_Desc" display-name-key="Trace" usage="input" of-type="TwoOptions" /><property name="DroppedPosition" description-key="DroppedPosition_Desc" display-name-key="DroppedPosition" usage="output" of-type="Whole.None" /><property name="DroppedSource" description-key="DroppedSource_Desc" display-name-key="DroppedSource" usage="output" of-type="SingleLine.Text" /><property name="DroppedTarget" description-key="DroppedTarget_Desc" display-name-key="DroppedTarget" usage="output" of-type="SingleLine.Text" /><property name="DroppedId" description-key="DroppedId_Desc" display-name-key="DroppedId" usage="output" of-type="SingleLine.Text" /><property name="CurrentItems" description-key="CurrentItems_Desc" display-name-key="CurrentItems" of-type="Object" usage="output" /><property name="ActionName" description-key="ActionName_Desc" display-name-key="ActionName" usage="output" of-type="SingleLine.Text" /><property name="ActionItemId" description-key="ActionItemId_Desc" display-name-key="ActionItemId" usage="output" of-type="SingleLine.Text" /><property name="ItemSchema" display-name-key="ItemSchema" of-type="SingleLine.Text" usage="input" hidden="true" /><event name="OnDrop" display-name-key="OnDrop" description-key="OnDrop_Desc" /><event name="OnAction" display-name-key="OnAction" description-key="OnAction_Desc" /><data-set name="items" description-key="items_Desc" display-name-key="items"><property-set name="IdColumn" display-name-key="IdColumn" of-type="SingleLine.Text" usage="bound" required="false" /><property-set name="ZoneColumn" display-name-key="ZoneColumn" of-type="SingleLine.Text" usage="bound" required="false" /><property-set name="CustomPositionColumn" display-name-key="CustomPositionColumn" of-type="Decimal" usage="bound" required="false" /></data-set><property-dependencies><property-dependency input="ItemSchema" output="CurrentItems" required-for="schema" /></property-dependencies><resources><code path="bundle.js" order="1" /><css path="css/PowerDragDrop.css" order="1" /><resx path="strings/PowerDragDrop.1033.resx" version="1.0.0" /></resources><built-by name="pac" version="1.23.3" /><subscribed-functionalities><subscribed-functionality name="sharedTemplate" value="false" /></subscribed-functionalities></control></manifest>