<ImportExportXml version="9.2.23094.194" SolutionPackageVersion="9.2" languagecode="1033" generatedBy="CrmLive" xmlns:xsi="http://www.w3.org/2001/XMLSchema-instance">
  <SolutionManifest>
    <UniqueName>PowerAppsResourceKit</UniqueName>
    <LocalizedNames>
      <LocalizedName description="Power Apps Resource Kit" languagecode="1033" />
    </LocalizedNames>
    <Descriptions />
    <Version>1.0.0.1</Version>
    <Managed>1</Managed>
    <Publisher>
      <UniqueName>pensplace</UniqueName>
      <LocalizedNames>
        <LocalizedName description="PensPlace" languagecode="1033" />
      </LocalizedNames>
      <Descriptions>
        <Description description="PensPlace" languagecode="1033" />
      </Descriptions>
      <EMailAddress xsi:nil="true"></EMailAddress>
      <SupportingWebsiteUrl xsi:nil="true"></SupportingWebsiteUrl>
      <CustomizationPrefix>pp</CustomizationPrefix>
      <CustomizationOptionValuePrefix>60034</CustomizationOptionValuePrefix>
      <Addresses>
        <Address>
          <AddressNumber>1</AddressNumber>
          <AddressTypeCode>1</AddressTypeCode>
          <City xsi:nil="true"></City>
          <County xsi:nil="true"></County>
          <Country xsi:nil="true"></Country>
          <Fax xsi:nil="true"></Fax>
          <FreightTermsCode xsi:nil="true"></FreightTermsCode>
          <ImportSequenceNumber xsi:nil="true"></ImportSequenceNumber>
          <Latitude xsi:nil="true"></Latitude>
          <Line1 xsi:nil="true"></Line1>
          <Line2 xsi:nil="true"></Line2>
          <Line3 xsi:nil="true"></Line3>
          <Longitude xsi:nil="true"></Longitude>
          <Name xsi:nil="true"></Name>
          <PostalCode xsi:nil="true"></PostalCode>
          <PostOfficeBox xsi:nil="true"></PostOfficeBox>
          <PrimaryContactName xsi:nil="true"></PrimaryContactName>
          <ShippingMethodCode>1</ShippingMethodCode>
          <StateOrProvince xsi:nil="true"></StateOrProvince>
          <Telephone1 xsi:nil="true"></Telephone1>
          <Telephone2 xsi:nil="true"></Telephone2>
          <Telephone3 xsi:nil="true"></Telephone3>
          <TimeZoneRuleVersionNumber xsi:nil="true"></TimeZoneRuleVersionNumber>
          <UPSZone xsi:nil="true"></UPSZone>
          <UTCOffset xsi:nil="true"></UTCOffset>
          <UTCConversionTimeZoneCode xsi:nil="true"></UTCConversionTimeZoneCode>
        </Address>
        <Address>
          <AddressNumber>2</AddressNumber>
          <AddressTypeCode>1</AddressTypeCode>
          <City xsi:nil="true"></City>
          <County xsi:nil="true"></County>
          <Country xsi:nil="true"></Country>
          <Fax xsi:nil="true"></Fax>
          <FreightTermsCode xsi:nil="true"></FreightTermsCode>
          <ImportSequenceNumber xsi:nil="true"></ImportSequenceNumber>
          <Latitude xsi:nil="true"></Latitude>
          <Line1 xsi:nil="true"></Line1>
          <Line2 xsi:nil="true"></Line2>
          <Line3 xsi:nil="true"></Line3>
          <Longitude xsi:nil="true"></Longitude>
          <Name xsi:nil="true"></Name>
          <PostalCode xsi:nil="true"></PostalCode>
          <PostOfficeBox xsi:nil="true"></PostOfficeBox>
          <PrimaryContactName xsi:nil="true"></PrimaryContactName>
          <ShippingMethodCode>1</ShippingMethodCode>
          <StateOrProvince xsi:nil="true"></StateOrProvince>
          <Telephone1 xsi:nil="true"></Telephone1>
          <Telephone2 xsi:nil="true"></Telephone2>
          <Telephone3 xsi:nil="true"></Telephone3>
          <TimeZoneRuleVersionNumber xsi:nil="true"></TimeZoneRuleVersionNumber>
          <UPSZone xsi:nil="true"></UPSZone>
          <UTCOffset xsi:nil="true"></UTCOffset>
          <UTCConversionTimeZoneCode xsi:nil="true"></UTCConversionTimeZoneCode>
        </Address>
      </Addresses>
    </Publisher>
    <RootComponents>
      <RootComponent type="1" schemaName="pp_favourite" behavior="0" />
      <RootComponent type="1" schemaName="pp_icon" behavior="0" />
      <RootComponent type="1" schemaName="pp_iconpack" behavior="0" />
      <RootComponent type="1" schemaName="pp_transformation" behavior="0" />
      <RootComponent type="9" schemaName="pp_packtype" behavior="0" />
      <RootComponent type="61" schemaName="pp_heart" behavior="0" />
      <RootComponent type="61" schemaName="pp_icons" behavior="0" />
      <RootComponent type="61" schemaName="pp_logo" behavior="0" />
      <RootComponent type="61" schemaName="pp_Package" behavior="0" />
      <RootComponent type="61" schemaName="pp_transform" behavior="0" />
      <RootComponent type="62" schemaName="pp_PensPlaceResourceKit" behavior="0" />
      <RootComponent type="66" schemaName="pdd_CustomControl.PowerDragDrop" behavior="0" />
      <RootComponent type="66" schemaName="pp_PensPlace.ColorPicker" behavior="0" />
      <RootComponent type="66" schemaName="pp_PP.DownloadControl" behavior="0" />
      <RootComponent type="80" schemaName="pp_PensPlaceResourceKit" behavior="0" />
      <RootComponent type="300" schemaName="pp_resourcekit_2e62f" behavior="0" />
      <RootComponent type="372" id="{787beb0f-f55d-415e-b09c-8eb909c1f92d}" schemaName="tm_5Fcolor-20names" behavior="0" />
      <RootComponent type="431" schemaName="pp_iconpack pp_logo" behavior="0" />
      <RootComponent type="432" schemaName="pp_iconpack" behavior="0" />
    </RootComponents>
    <MissingDependencies>
      <MissingDependency>
        <Required type="66" schemaName="cat_PowerCAT.CommandBar" displayName="cat_PowerCAT.CommandBar" solution="CreatorKitCore (1.0.20221205.2)" />
        <Dependent type="300" schemaName="pp_resourcekit_2e62f" displayName="Resource Kit - Icon Browser" />
      </MissingDependency>
      <MissingDependency>
        <Required type="66" schemaName="cat_PowerCAT.Icon" displayName="cat_PowerCAT.Icon" solution="CreatorKitCore (1.0.20221205.2)" />
        <Dependent type="300" schemaName="pp_resourcekit_2e62f" displayName="Resource Kit - Icon Browser" />
      </MissingDependency>
    </MissingDependencies>
  </SolutionManifest>
</ImportExportXml>